"0","colnames(embeds)
"
"1","  [1]"
"1"," ""use_...1"""
"1"," ""use_0""   "
"1"," ""use_1""   "
"1"," ""use_2""   "
"1"," ""use_3""   "
"1"," ""use_4""   "
"1"," ""use_5""   "
"1"," ""use_6""   "
"1"," ""use_7""   "
"1"," ""use_8""   "
"1"," ""use_9""   "
"1","
"
"1"," [12]"
"1"," ""use_10""  "
"1"," ""use_11""  "
"1"," ""use_12""  "
"1"," ""use_13""  "
"1"," ""use_14""  "
"1"," ""use_15""  "
"1"," ""use_16""  "
"1"," ""use_17""  "
"1"," ""use_18""  "
"1"," ""use_19""  "
"1"," ""use_20""  "
"1","
"
"1"," [23]"
"1"," ""use_21""  "
"1"," ""use_22""  "
"1"," ""use_23""  "
"1"," ""use_24""  "
"1"," ""use_25""  "
"1"," ""use_26""  "
"1"," ""use_27""  "
"1"," ""use_28""  "
"1"," ""use_29""  "
"1"," ""use_30""  "
"1"," ""use_31""  "
"1","
"
"1"," [34]"
"1"," ""use_32""  "
"1"," ""use_33""  "
"1"," ""use_34""  "
"1"," ""use_35""  "
"1"," ""use_36""  "
"1"," ""use_37""  "
"1"," ""use_38""  "
"1"," ""use_39""  "
"1"," ""use_40""  "
"1"," ""use_41""  "
"1"," ""use_42""  "
"1","
"
"1"," [45]"
"1"," ""use_43""  "
"1"," ""use_44""  "
"1"," ""use_45""  "
"1"," ""use_46""  "
"1"," ""use_47""  "
"1"," ""use_48""  "
"1"," ""use_49""  "
"1"," ""use_50""  "
"1"," ""use_51""  "
"1"," ""use_52""  "
"1"," ""use_53""  "
"1","
"
"1"," [56]"
"1"," ""use_54""  "
"1"," ""use_55""  "
"1"," ""use_56""  "
"1"," ""use_57""  "
"1"," ""use_58""  "
"1"," ""use_59""  "
"1"," ""use_60""  "
"1"," ""use_61""  "
"1"," ""use_62""  "
"1"," ""use_63""  "
"1"," ""use_64""  "
"1","
"
"1"," [67]"
"1"," ""use_65""  "
"1"," ""use_66""  "
"1"," ""use_67""  "
"1"," ""use_68""  "
"1"," ""use_69""  "
"1"," ""use_70""  "
"1"," ""use_71""  "
"1"," ""use_72""  "
"1"," ""use_73""  "
"1"," ""use_74""  "
"1"," ""use_75""  "
"1","
"
"1"," [78]"
"1"," ""use_76""  "
"1"," ""use_77""  "
"1"," ""use_78""  "
"1"," ""use_79""  "
"1"," ""use_80""  "
"1"," ""use_81""  "
"1"," ""use_82""  "
"1"," ""use_83""  "
"1"," ""use_84""  "
"1"," ""use_85""  "
"1"," ""use_86""  "
"1","
"
"1"," [89]"
"1"," ""use_87""  "
"1"," ""use_88""  "
"1"," ""use_89""  "
"1"," ""use_90""  "
"1"," ""use_91""  "
"1"," ""use_92""  "
"1"," ""use_93""  "
"1"," ""use_94""  "
"1"," ""use_95""  "
"1"," ""use_96""  "
"1"," ""use_97""  "
"1","
"
"1","[100]"
"1"," ""use_98""  "
"1"," ""use_99""  "
"1"," ""use_100"" "
"1"," ""use_101"" "
"1"," ""use_102"" "
"1"," ""use_103"" "
"1"," ""use_104"" "
"1"," ""use_105"" "
"1"," ""use_106"" "
"1"," ""use_107"" "
"1"," ""use_108"" "
"1","
"
"1","[111]"
"1"," ""use_109"" "
"1"," ""use_110"" "
"1"," ""use_111"" "
"1"," ""use_112"" "
"1"," ""use_113"" "
"1"," ""use_114"" "
"1"," ""use_115"" "
"1"," ""use_116"" "
"1"," ""use_117"" "
"1"," ""use_118"" "
"1"," ""use_119"" "
"1","
"
"1","[122]"
"1"," ""use_120"" "
"1"," ""use_121"" "
"1"," ""use_122"" "
"1"," ""use_123"" "
"1"," ""use_124"" "
"1"," ""use_125"" "
"1"," ""use_126"" "
"1"," ""use_127"" "
"1"," ""use_128"" "
"1"," ""use_129"" "
"1"," ""use_130"" "
"1","
"
"1","[133]"
"1"," ""use_131"" "
"1"," ""use_132"" "
"1"," ""use_133"" "
"1"," ""use_134"" "
"1"," ""use_135"" "
"1"," ""use_136"" "
"1"," ""use_137"" "
"1"," ""use_138"" "
"1"," ""use_139"" "
"1"," ""use_140"" "
"1"," ""use_141"" "
"1","
"
"1","[144]"
"1"," ""use_142"" "
"1"," ""use_143"" "
"1"," ""use_144"" "
"1"," ""use_145"" "
"1"," ""use_146"" "
"1"," ""use_147"" "
"1"," ""use_148"" "
"1"," ""use_149"" "
"1"," ""use_150"" "
"1"," ""use_151"" "
"1"," ""use_152"" "
"1","
"
"1","[155]"
"1"," ""use_153"" "
"1"," ""use_154"" "
"1"," ""use_155"" "
"1"," ""use_156"" "
"1"," ""use_157"" "
"1"," ""use_158"" "
"1"," ""use_159"" "
"1"," ""use_160"" "
"1"," ""use_161"" "
"1"," ""use_162"" "
"1"," ""use_163"" "
"1","
"
"1","[166]"
"1"," ""use_164"" "
"1"," ""use_165"" "
"1"," ""use_166"" "
"1"," ""use_167"" "
"1"," ""use_168"" "
"1"," ""use_169"" "
"1"," ""use_170"" "
"1"," ""use_171"" "
"1"," ""use_172"" "
"1"," ""use_173"" "
"1"," ""use_174"" "
"1","
"
"1","[177]"
"1"," ""use_175"" "
"1"," ""use_176"" "
"1"," ""use_177"" "
"1"," ""use_178"" "
"1"," ""use_179"" "
"1"," ""use_180"" "
"1"," ""use_181"" "
"1"," ""use_182"" "
"1"," ""use_183"" "
"1"," ""use_184"" "
"1"," ""use_185"" "
"1","
"
"1","[188]"
"1"," ""use_186"" "
"1"," ""use_187"" "
"1"," ""use_188"" "
"1"," ""use_189"" "
"1"," ""use_190"" "
"1"," ""use_191"" "
"1"," ""use_192"" "
"1"," ""use_193"" "
"1"," ""use_194"" "
"1"," ""use_195"" "
"1"," ""use_196"" "
"1","
"
"1","[199]"
"1"," ""use_197"" "
"1"," ""use_198"" "
"1"," ""use_199"" "
"1"," ""use_200"" "
"1"," ""use_201"" "
"1"," ""use_202"" "
"1"," ""use_203"" "
"1"," ""use_204"" "
"1"," ""use_205"" "
"1"," ""use_206"" "
"1"," ""use_207"" "
"1","
"
"1","[210]"
"1"," ""use_208"" "
"1"," ""use_209"" "
"1"," ""use_210"" "
"1"," ""use_211"" "
"1"," ""use_212"" "
"1"," ""use_213"" "
"1"," ""use_214"" "
"1"," ""use_215"" "
"1"," ""use_216"" "
"1"," ""use_217"" "
"1"," ""use_218"" "
"1","
"
"1","[221]"
"1"," ""use_219"" "
"1"," ""use_220"" "
"1"," ""use_221"" "
"1"," ""use_222"" "
"1"," ""use_223"" "
"1"," ""use_224"" "
"1"," ""use_225"" "
"1"," ""use_226"" "
"1"," ""use_227"" "
"1"," ""use_228"" "
"1"," ""use_229"" "
"1","
"
"1","[232]"
"1"," ""use_230"" "
"1"," ""use_231"" "
"1"," ""use_232"" "
"1"," ""use_233"" "
"1"," ""use_234"" "
"1"," ""use_235"" "
"1"," ""use_236"" "
"1"," ""use_237"" "
"1"," ""use_238"" "
"1"," ""use_239"" "
"1"," ""use_240"" "
"1","
"
"1","[243]"
"1"," ""use_241"" "
"1"," ""use_242"" "
"1"," ""use_243"" "
"1"," ""use_244"" "
"1"," ""use_245"" "
"1"," ""use_246"" "
"1"," ""use_247"" "
"1"," ""use_248"" "
"1"," ""use_249"" "
"1"," ""use_250"" "
"1"," ""use_251"" "
"1","
"
"1","[254]"
"1"," ""use_252"" "
"1"," ""use_253"" "
"1"," ""use_254"" "
"1"," ""use_255"" "
"1"," ""use_256"" "
"1"," ""use_257"" "
"1"," ""use_258"" "
"1"," ""use_259"" "
"1"," ""use_260"" "
"1"," ""use_261"" "
"1"," ""use_262"" "
"1","
"
"1","[265]"
"1"," ""use_263"" "
"1"," ""use_264"" "
"1"," ""use_265"" "
"1"," ""use_266"" "
"1"," ""use_267"" "
"1"," ""use_268"" "
"1"," ""use_269"" "
"1"," ""use_270"" "
"1"," ""use_271"" "
"1"," ""use_272"" "
"1"," ""use_273"" "
"1","
"
"1","[276]"
"1"," ""use_274"" "
"1"," ""use_275"" "
"1"," ""use_276"" "
"1"," ""use_277"" "
"1"," ""use_278"" "
"1"," ""use_279"" "
"1"," ""use_280"" "
"1"," ""use_281"" "
"1"," ""use_282"" "
"1"," ""use_283"" "
"1"," ""use_284"" "
"1","
"
"1","[287]"
"1"," ""use_285"" "
"1"," ""use_286"" "
"1"," ""use_287"" "
"1"," ""use_288"" "
"1"," ""use_289"" "
"1"," ""use_290"" "
"1"," ""use_291"" "
"1"," ""use_292"" "
"1"," ""use_293"" "
"1"," ""use_294"" "
"1"," ""use_295"" "
"1","
"
"1","[298]"
"1"," ""use_296"" "
"1"," ""use_297"" "
"1"," ""use_298"" "
"1"," ""use_299"" "
"1"," ""use_300"" "
"1"," ""use_301"" "
"1"," ""use_302"" "
"1"," ""use_303"" "
"1"," ""use_304"" "
"1"," ""use_305"" "
"1"," ""use_306"" "
"1","
"
"1","[309]"
"1"," ""use_307"" "
"1"," ""use_308"" "
"1"," ""use_309"" "
"1"," ""use_310"" "
"1"," ""use_311"" "
"1"," ""use_312"" "
"1"," ""use_313"" "
"1"," ""use_314"" "
"1"," ""use_315"" "
"1"," ""use_316"" "
"1"," ""use_317"" "
"1","
"
"1","[320]"
"1"," ""use_318"" "
"1"," ""use_319"" "
"1"," ""use_320"" "
"1"," ""use_321"" "
"1"," ""use_322"" "
"1"," ""use_323"" "
"1"," ""use_324"" "
"1"," ""use_325"" "
"1"," ""use_326"" "
"1"," ""use_327"" "
"1"," ""use_328"" "
"1","
"
"1","[331]"
"1"," ""use_329"" "
"1"," ""use_330"" "
"1"," ""use_331"" "
"1"," ""use_332"" "
"1"," ""use_333"" "
"1"," ""use_334"" "
"1"," ""use_335"" "
"1"," ""use_336"" "
"1"," ""use_337"" "
"1"," ""use_338"" "
"1"," ""use_339"" "
"1","
"
"1","[342]"
"1"," ""use_340"" "
"1"," ""use_341"" "
"1"," ""use_342"" "
"1"," ""use_343"" "
"1"," ""use_344"" "
"1"," ""use_345"" "
"1"," ""use_346"" "
"1"," ""use_347"" "
"1"," ""use_348"" "
"1"," ""use_349"" "
"1"," ""use_350"" "
"1","
"
"1","[353]"
"1"," ""use_351"" "
"1"," ""use_352"" "
"1"," ""use_353"" "
"1"," ""use_354"" "
"1"," ""use_355"" "
"1"," ""use_356"" "
"1"," ""use_357"" "
"1"," ""use_358"" "
"1"," ""use_359"" "
"1"," ""use_360"" "
"1"," ""use_361"" "
"1","
"
"1","[364]"
"1"," ""use_362"" "
"1"," ""use_363"" "
"1"," ""use_364"" "
"1"," ""use_365"" "
"1"," ""use_366"" "
"1"," ""use_367"" "
"1"," ""use_368"" "
"1"," ""use_369"" "
"1"," ""use_370"" "
"1"," ""use_371"" "
"1"," ""use_372"" "
"1","
"
"1","[375]"
"1"," ""use_373"" "
"1"," ""use_374"" "
"1"," ""use_375"" "
"1"," ""use_376"" "
"1"," ""use_377"" "
"1"," ""use_378"" "
"1"," ""use_379"" "
"1"," ""use_380"" "
"1"," ""use_381"" "
"1"," ""use_382"" "
"1"," ""use_383"" "
"1","
"
"1","[386]"
"1"," ""use_384"" "
"1"," ""use_385"" "
"1"," ""use_386"" "
"1"," ""use_387"" "
"1"," ""use_388"" "
"1"," ""use_389"" "
"1"," ""use_390"" "
"1"," ""use_391"" "
"1"," ""use_392"" "
"1"," ""use_393"" "
"1"," ""use_394"" "
"1","
"
"1","[397]"
"1"," ""use_395"" "
"1"," ""use_396"" "
"1"," ""use_397"" "
"1"," ""use_398"" "
"1"," ""use_399"" "
"1"," ""use_400"" "
"1"," ""use_401"" "
"1"," ""use_402"" "
"1"," ""use_403"" "
"1"," ""use_404"" "
"1"," ""use_405"" "
"1","
"
"1","[408]"
"1"," ""use_406"" "
"1"," ""use_407"" "
"1"," ""use_408"" "
"1"," ""use_409"" "
"1"," ""use_410"" "
"1"," ""use_411"" "
"1"," ""use_412"" "
"1"," ""use_413"" "
"1"," ""use_414"" "
"1"," ""use_415"" "
"1"," ""use_416"" "
"1","
"
"1","[419]"
"1"," ""use_417"" "
"1"," ""use_418"" "
"1"," ""use_419"" "
"1"," ""use_420"" "
"1"," ""use_421"" "
"1"," ""use_422"" "
"1"," ""use_423"" "
"1"," ""use_424"" "
"1"," ""use_425"" "
"1"," ""use_426"" "
"1"," ""use_427"" "
"1","
"
"1","[430]"
"1"," ""use_428"" "
"1"," ""use_429"" "
"1"," ""use_430"" "
"1"," ""use_431"" "
"1"," ""use_432"" "
"1"," ""use_433"" "
"1"," ""use_434"" "
"1"," ""use_435"" "
"1"," ""use_436"" "
"1"," ""use_437"" "
"1"," ""use_438"" "
"1","
"
"1","[441]"
"1"," ""use_439"" "
"1"," ""use_440"" "
"1"," ""use_441"" "
"1"," ""use_442"" "
"1"," ""use_443"" "
"1"," ""use_444"" "
"1"," ""use_445"" "
"1"," ""use_446"" "
"1"," ""use_447"" "
"1"," ""use_448"" "
"1"," ""use_449"" "
"1","
"
"1","[452]"
"1"," ""use_450"" "
"1"," ""use_451"" "
"1"," ""use_452"" "
"1"," ""use_453"" "
"1"," ""use_454"" "
"1"," ""use_455"" "
"1"," ""use_456"" "
"1"," ""use_457"" "
"1"," ""use_458"" "
"1"," ""use_459"" "
"1"," ""use_460"" "
"1","
"
"1","[463]"
"1"," ""use_461"" "
"1"," ""use_462"" "
"1"," ""use_463"" "
"1"," ""use_464"" "
"1"," ""use_465"" "
"1"," ""use_466"" "
"1"," ""use_467"" "
"1"," ""use_468"" "
"1"," ""use_469"" "
"1"," ""use_470"" "
"1"," ""use_471"" "
"1","
"
"1","[474]"
"1"," ""use_472"" "
"1"," ""use_473"" "
"1"," ""use_474"" "
"1"," ""use_475"" "
"1"," ""use_476"" "
"1"," ""use_477"" "
"1"," ""use_478"" "
"1"," ""use_479"" "
"1"," ""use_480"" "
"1"," ""use_481"" "
"1"," ""use_482"" "
"1","
"
"1","[485]"
"1"," ""use_483"" "
"1"," ""use_484"" "
"1"," ""use_485"" "
"1"," ""use_486"" "
"1"," ""use_487"" "
"1"," ""use_488"" "
"1"," ""use_489"" "
"1"," ""use_490"" "
"1"," ""use_491"" "
"1"," ""use_492"" "
"1"," ""use_493"" "
"1","
"
"1","[496]"
"1"," ""use_494"" "
"1"," ""use_495"" "
"1"," ""use_496"" "
"1"," ""use_497"" "
"1"," ""use_498"" "
"1"," ""use_499"" "
"1"," ""use_500"" "
"1"," ""use_501"" "
"1"," ""use_502"" "
"1"," ""use_503"" "
"1"," ""use_504"" "
"1","
"
"1","[507]"
"1"," ""use_505"" "
"1"," ""use_506"" "
"1"," ""use_507"" "
"1"," ""use_508"" "
"1"," ""use_509"" "
"1"," ""use_510"" "
"1"," ""use_511"" "
"1","
"
